{"cameraMode":{"drawMode":0,"name":"Shaded","section":"Shading Mode"},"sceneLighting":true,"audioPlay":false,"sceneViewState":{"showFog":true,"showMaterialUpdate":false,"showSkybox":false,"showFlares":true,"showImageEffects":true,"showParticleSystems":true},"in2DMode":false,"pivot":{"x":-8.29010009765625,"y":97.72728729248047,"z":74.35842895507813},"rotation":{"x":0.42656460404396059,"y":0.013665985316038132,"z":0.0072571588680148129,"w":-0.9044779539108276},"size":61.158206939697269,"orthographic":false}